handle-url,dspace-id
http://hdl.handle.net/2451/35584,36553
http://hdl.handle.net/2451/35583,36552
http://hdl.handle.net/2451/35582,36551
http://hdl.handle.net/2451/35581,36550
http://hdl.handle.net/2451/35580,36549
http://hdl.handle.net/2451/35579,36548
http://hdl.handle.net/2451/35578,36547
http://hdl.handle.net/2451/35577,36546
http://hdl.handle.net/2451/35576,36545
http://hdl.handle.net/2451/35575,36544
http://hdl.handle.net/2451/35574,36543
http://hdl.handle.net/2451/35573,36542
http://hdl.handle.net/2451/35572,36541
http://hdl.handle.net/2451/35571,36540
http://hdl.handle.net/2451/35570,36539
http://hdl.handle.net/2451/35569,36538
http://hdl.handle.net/2451/35568,36537
http://hdl.handle.net/2451/35567,36536
http://hdl.handle.net/2451/35566,36535
http://hdl.handle.net/2451/35565,36534
http://hdl.handle.net/2451/35564,36533
http://hdl.handle.net/2451/35563,36532
http://hdl.handle.net/2451/35562,36531
http://hdl.handle.net/2451/35561,36530
http://hdl.handle.net/2451/35560,36529
http://hdl.handle.net/2451/35559,36528
http://hdl.handle.net/2451/35558,36527
http://hdl.handle.net/2451/35557,36526
http://hdl.handle.net/2451/35556,36525
http://hdl.handle.net/2451/35555,36524
http://hdl.handle.net/2451/35554,36523
http://hdl.handle.net/2451/35553,36522
http://hdl.handle.net/2451/35552,36521
http://hdl.handle.net/2451/35551,36520
http://hdl.handle.net/2451/35550,36519
http://hdl.handle.net/2451/35549,36518
http://hdl.handle.net/2451/35548,36517
http://hdl.handle.net/2451/35547,36516
http://hdl.handle.net/2451/35546,36515
http://hdl.handle.net/2451/35545,36514
http://hdl.handle.net/2451/35544,36513
http://hdl.handle.net/2451/35543,36512
http://hdl.handle.net/2451/35542,36511
http://hdl.handle.net/2451/35541,36510
http://hdl.handle.net/2451/35540,36509
http://hdl.handle.net/2451/35539,36508
http://hdl.handle.net/2451/35538,36507
http://hdl.handle.net/2451/35537,36506
http://hdl.handle.net/2451/35536,36505
http://hdl.handle.net/2451/35535,36504
http://hdl.handle.net/2451/35534,36503
http://hdl.handle.net/2451/35533,36502
http://hdl.handle.net/2451/35532,36501
http://hdl.handle.net/2451/35531,36500
http://hdl.handle.net/2451/35530,36499
http://hdl.handle.net/2451/35529,36498
http://hdl.handle.net/2451/35528,36497
http://hdl.handle.net/2451/35527,36496
http://hdl.handle.net/2451/35526,36495
http://hdl.handle.net/2451/35525,36494
http://hdl.handle.net/2451/35524,36493
http://hdl.handle.net/2451/35523,36492
http://hdl.handle.net/2451/35522,36491
http://hdl.handle.net/2451/35521,36490
http://hdl.handle.net/2451/35520,36489
http://hdl.handle.net/2451/35519,36488
http://hdl.handle.net/2451/35518,36487
http://hdl.handle.net/2451/35517,36486
http://hdl.handle.net/2451/35516,36485
http://hdl.handle.net/2451/35515,36484
http://hdl.handle.net/2451/35514,36483
http://hdl.handle.net/2451/35513,36482
http://hdl.handle.net/2451/35512,36481
http://hdl.handle.net/2451/35511,36480
http://hdl.handle.net/2451/35510,36479
http://hdl.handle.net/2451/35509,36478
http://hdl.handle.net/2451/35508,36477
http://hdl.handle.net/2451/35507,36476
http://hdl.handle.net/2451/35506,36475
http://hdl.handle.net/2451/35505,36474
http://hdl.handle.net/2451/35504,36473
http://hdl.handle.net/2451/35503,36472
http://hdl.handle.net/2451/35502,36471
http://hdl.handle.net/2451/35501,36470
http://hdl.handle.net/2451/35500,36469
http://hdl.handle.net/2451/35499,36468
http://hdl.handle.net/2451/35498,36467
http://hdl.handle.net/2451/35497,36466
http://hdl.handle.net/2451/35496,36465
http://hdl.handle.net/2451/35495,36464
http://hdl.handle.net/2451/35494,36463
http://hdl.handle.net/2451/35493,36462
http://hdl.handle.net/2451/35492,36461
http://hdl.handle.net/2451/35491,36460
http://hdl.handle.net/2451/35490,36459
http://hdl.handle.net/2451/35489,36458
http://hdl.handle.net/2451/35488,36457
http://hdl.handle.net/2451/35487,36456
http://hdl.handle.net/2451/35486,36455
http://hdl.handle.net/2451/35485,36454
http://hdl.handle.net/2451/35484,36453
http://hdl.handle.net/2451/35483,36452
http://hdl.handle.net/2451/35482,36451
http://hdl.handle.net/2451/35481,36450
http://hdl.handle.net/2451/35480,36449
http://hdl.handle.net/2451/35479,36448
http://hdl.handle.net/2451/35478,36447
http://hdl.handle.net/2451/35477,36446
http://hdl.handle.net/2451/35476,36445
http://hdl.handle.net/2451/35475,36444
http://hdl.handle.net/2451/35474,36443
http://hdl.handle.net/2451/35473,36442
http://hdl.handle.net/2451/35472,36441
http://hdl.handle.net/2451/35471,36440
http://hdl.handle.net/2451/35470,36439
http://hdl.handle.net/2451/35469,36438
http://hdl.handle.net/2451/35468,36437
http://hdl.handle.net/2451/35467,36436
http://hdl.handle.net/2451/35466,36435
http://hdl.handle.net/2451/35465,36434
http://hdl.handle.net/2451/35464,36433
http://hdl.handle.net/2451/35463,36432
http://hdl.handle.net/2451/35462,36431
http://hdl.handle.net/2451/35461,36430
http://hdl.handle.net/2451/35460,36429
http://hdl.handle.net/2451/35459,36428
http://hdl.handle.net/2451/35458,36427
http://hdl.handle.net/2451/35457,36426
http://hdl.handle.net/2451/35456,36425
http://hdl.handle.net/2451/35455,36424
http://hdl.handle.net/2451/35454,36423
http://hdl.handle.net/2451/35453,36422
http://hdl.handle.net/2451/35452,36421
http://hdl.handle.net/2451/35451,36420
http://hdl.handle.net/2451/35450,36419
http://hdl.handle.net/2451/35449,36418
http://hdl.handle.net/2451/35448,36417
http://hdl.handle.net/2451/35447,36416
http://hdl.handle.net/2451/35446,36415
http://hdl.handle.net/2451/35445,36414
http://hdl.handle.net/2451/35444,36413
http://hdl.handle.net/2451/35443,36412
http://hdl.handle.net/2451/35442,36411
http://hdl.handle.net/2451/35441,36410
http://hdl.handle.net/2451/35440,36409
http://hdl.handle.net/2451/35439,36408
http://hdl.handle.net/2451/35438,36407
http://hdl.handle.net/2451/35437,36406
http://hdl.handle.net/2451/35436,36405
http://hdl.handle.net/2451/35435,36404
http://hdl.handle.net/2451/35434,36403
http://hdl.handle.net/2451/35433,36402
http://hdl.handle.net/2451/35432,36401
http://hdl.handle.net/2451/35431,36400
http://hdl.handle.net/2451/35430,36399
http://hdl.handle.net/2451/35429,36398
http://hdl.handle.net/2451/35428,36397
http://hdl.handle.net/2451/35427,36396
http://hdl.handle.net/2451/35426,36395
http://hdl.handle.net/2451/35425,36394
http://hdl.handle.net/2451/35424,36393
http://hdl.handle.net/2451/35423,36392
http://hdl.handle.net/2451/35422,36391
http://hdl.handle.net/2451/35421,36390
http://hdl.handle.net/2451/35420,36389
http://hdl.handle.net/2451/35419,36388
http://hdl.handle.net/2451/35418,36387
http://hdl.handle.net/2451/35417,36386
http://hdl.handle.net/2451/35416,36385
http://hdl.handle.net/2451/35415,36384
http://hdl.handle.net/2451/35414,36383
http://hdl.handle.net/2451/35413,36382
http://hdl.handle.net/2451/35412,36381
http://hdl.handle.net/2451/35411,36380
http://hdl.handle.net/2451/35410,36379
http://hdl.handle.net/2451/35409,36378
http://hdl.handle.net/2451/35408,36377
http://hdl.handle.net/2451/35407,36376
http://hdl.handle.net/2451/35406,36375
http://hdl.handle.net/2451/35405,36374
http://hdl.handle.net/2451/35404,36373
http://hdl.handle.net/2451/35403,36372
http://hdl.handle.net/2451/35402,36371
http://hdl.handle.net/2451/35401,36370
http://hdl.handle.net/2451/35400,36369
http://hdl.handle.net/2451/35399,36368
http://hdl.handle.net/2451/35398,36367
http://hdl.handle.net/2451/35397,36366
http://hdl.handle.net/2451/35396,36365
http://hdl.handle.net/2451/35395,36364
http://hdl.handle.net/2451/35394,36363
http://hdl.handle.net/2451/35393,36362
http://hdl.handle.net/2451/35392,36361
http://hdl.handle.net/2451/35391,36360
http://hdl.handle.net/2451/35390,36359
http://hdl.handle.net/2451/35389,36358
http://hdl.handle.net/2451/35388,36357
http://hdl.handle.net/2451/35387,36356
http://hdl.handle.net/2451/35386,36355
http://hdl.handle.net/2451/35385,36354
http://hdl.handle.net/2451/35384,36353
http://hdl.handle.net/2451/35383,36352
http://hdl.handle.net/2451/35382,36351
http://hdl.handle.net/2451/35381,36350
http://hdl.handle.net/2451/35380,36349
http://hdl.handle.net/2451/35379,36348
http://hdl.handle.net/2451/35378,36347
http://hdl.handle.net/2451/35377,36346
http://hdl.handle.net/2451/35376,36345
http://hdl.handle.net/2451/35375,36344
http://hdl.handle.net/2451/35374,36343
http://hdl.handle.net/2451/35373,36342
http://hdl.handle.net/2451/35372,36341
http://hdl.handle.net/2451/35371,36340
http://hdl.handle.net/2451/35370,36339
http://hdl.handle.net/2451/35369,36338
http://hdl.handle.net/2451/35368,36337
http://hdl.handle.net/2451/35367,36336
http://hdl.handle.net/2451/35366,36335
http://hdl.handle.net/2451/35365,36334
http://hdl.handle.net/2451/35364,36333
http://hdl.handle.net/2451/35363,36332
http://hdl.handle.net/2451/35362,36331
http://hdl.handle.net/2451/35361,36330
http://hdl.handle.net/2451/35360,36329
http://hdl.handle.net/2451/35359,36328
http://hdl.handle.net/2451/35358,36327
http://hdl.handle.net/2451/35357,36326
http://hdl.handle.net/2451/35356,36325
http://hdl.handle.net/2451/35355,36324
http://hdl.handle.net/2451/35354,36323
http://hdl.handle.net/2451/35353,36322
http://hdl.handle.net/2451/35352,36321
http://hdl.handle.net/2451/35351,36320
http://hdl.handle.net/2451/35350,36319
http://hdl.handle.net/2451/35349,36318
http://hdl.handle.net/2451/35348,36317
http://hdl.handle.net/2451/35347,36316
http://hdl.handle.net/2451/35346,36315
http://hdl.handle.net/2451/35345,36314
http://hdl.handle.net/2451/35344,36313
http://hdl.handle.net/2451/35343,36312
http://hdl.handle.net/2451/35342,36311
http://hdl.handle.net/2451/35341,36310
http://hdl.handle.net/2451/35340,36309
http://hdl.handle.net/2451/35339,36308
http://hdl.handle.net/2451/35338,36307
http://hdl.handle.net/2451/35337,36306
http://hdl.handle.net/2451/35336,36305
http://hdl.handle.net/2451/35335,36304
http://hdl.handle.net/2451/35334,36303
http://hdl.handle.net/2451/35333,36302
http://hdl.handle.net/2451/35332,36301
http://hdl.handle.net/2451/35331,36300
http://hdl.handle.net/2451/35330,36299
http://hdl.handle.net/2451/35329,36298
http://hdl.handle.net/2451/35328,36297
http://hdl.handle.net/2451/35327,36296
http://hdl.handle.net/2451/35326,36295
http://hdl.handle.net/2451/35325,36294
http://hdl.handle.net/2451/35324,36293
http://hdl.handle.net/2451/35323,36292
http://hdl.handle.net/2451/35322,36291
http://hdl.handle.net/2451/35321,36290
http://hdl.handle.net/2451/35320,36289
http://hdl.handle.net/2451/35319,36288
http://hdl.handle.net/2451/35318,36287
http://hdl.handle.net/2451/35317,36286
http://hdl.handle.net/2451/35316,36285
http://hdl.handle.net/2451/35315,36284
http://hdl.handle.net/2451/35314,36283
http://hdl.handle.net/2451/35313,36282
http://hdl.handle.net/2451/35312,36281
http://hdl.handle.net/2451/35311,36280
http://hdl.handle.net/2451/35310,36279
http://hdl.handle.net/2451/35309,36278
http://hdl.handle.net/2451/35308,36277
http://hdl.handle.net/2451/35307,36276
http://hdl.handle.net/2451/35306,36275
http://hdl.handle.net/2451/35305,36274
http://hdl.handle.net/2451/35304,36273
http://hdl.handle.net/2451/35303,36272
http://hdl.handle.net/2451/35302,36271
http://hdl.handle.net/2451/35301,36270
http://hdl.handle.net/2451/35300,36269
http://hdl.handle.net/2451/35299,36268
http://hdl.handle.net/2451/35298,36267
http://hdl.handle.net/2451/35297,36266
http://hdl.handle.net/2451/35296,36265
http://hdl.handle.net/2451/35295,36264
http://hdl.handle.net/2451/35294,36263
http://hdl.handle.net/2451/35293,36262
http://hdl.handle.net/2451/35292,36261
http://hdl.handle.net/2451/35291,36260
http://hdl.handle.net/2451/35290,36259
http://hdl.handle.net/2451/35289,36258
http://hdl.handle.net/2451/35288,36257
http://hdl.handle.net/2451/35287,36256
http://hdl.handle.net/2451/35286,36255
http://hdl.handle.net/2451/35285,36254
http://hdl.handle.net/2451/35284,36253
http://hdl.handle.net/2451/35283,36252
http://hdl.handle.net/2451/35282,36251
http://hdl.handle.net/2451/35281,36250
http://hdl.handle.net/2451/35280,36249
http://hdl.handle.net/2451/35279,36248
http://hdl.handle.net/2451/35278,36247
http://hdl.handle.net/2451/35277,36246
http://hdl.handle.net/2451/35276,36245
http://hdl.handle.net/2451/35275,36244
http://hdl.handle.net/2451/35274,36243
http://hdl.handle.net/2451/35273,36242
http://hdl.handle.net/2451/35272,36241
http://hdl.handle.net/2451/35271,36240
http://hdl.handle.net/2451/35270,36239
http://hdl.handle.net/2451/35269,36238
http://hdl.handle.net/2451/35268,36237
http://hdl.handle.net/2451/35267,36236
http://hdl.handle.net/2451/35266,36235
http://hdl.handle.net/2451/35265,36234
http://hdl.handle.net/2451/35264,36233
http://hdl.handle.net/2451/35263,36232
http://hdl.handle.net/2451/35262,36231
http://hdl.handle.net/2451/35261,36230
http://hdl.handle.net/2451/35260,36229
http://hdl.handle.net/2451/35259,36228
http://hdl.handle.net/2451/35258,36227
http://hdl.handle.net/2451/35257,36226
http://hdl.handle.net/2451/35256,36225
http://hdl.handle.net/2451/35255,36224
http://hdl.handle.net/2451/35254,36223
http://hdl.handle.net/2451/35253,36222
http://hdl.handle.net/2451/35252,36221
http://hdl.handle.net/2451/35251,36220
http://hdl.handle.net/2451/35250,36219
http://hdl.handle.net/2451/35249,36218
http://hdl.handle.net/2451/35248,36217
http://hdl.handle.net/2451/35247,36216
http://hdl.handle.net/2451/35246,36215
http://hdl.handle.net/2451/35245,36214
http://hdl.handle.net/2451/35244,36213
http://hdl.handle.net/2451/35243,36212
http://hdl.handle.net/2451/35242,36211
http://hdl.handle.net/2451/35241,36210
http://hdl.handle.net/2451/35240,36209
http://hdl.handle.net/2451/35239,36208
http://hdl.handle.net/2451/35238,36207
http://hdl.handle.net/2451/35237,36206
http://hdl.handle.net/2451/35236,36205
http://hdl.handle.net/2451/35235,36204
http://hdl.handle.net/2451/35234,36203
http://hdl.handle.net/2451/35233,36202
http://hdl.handle.net/2451/35232,36201
http://hdl.handle.net/2451/35231,36200
http://hdl.handle.net/2451/35230,36199
http://hdl.handle.net/2451/35229,36198
http://hdl.handle.net/2451/35228,36197
http://hdl.handle.net/2451/35227,36196
http://hdl.handle.net/2451/35226,36195
http://hdl.handle.net/2451/35225,36194
http://hdl.handle.net/2451/35224,36193
http://hdl.handle.net/2451/35223,36192
http://hdl.handle.net/2451/35222,36191
http://hdl.handle.net/2451/35221,36190
http://hdl.handle.net/2451/35220,36189
http://hdl.handle.net/2451/35219,36188
http://hdl.handle.net/2451/35218,36187
http://hdl.handle.net/2451/35217,36186
http://hdl.handle.net/2451/35216,36185
http://hdl.handle.net/2451/35215,36184
http://hdl.handle.net/2451/35214,36183
http://hdl.handle.net/2451/35213,36182
http://hdl.handle.net/2451/35212,36181
http://hdl.handle.net/2451/35211,36180
http://hdl.handle.net/2451/35210,36179
http://hdl.handle.net/2451/35209,36178
http://hdl.handle.net/2451/35208,36177
http://hdl.handle.net/2451/35207,36176
http://hdl.handle.net/2451/35206,36175
http://hdl.handle.net/2451/35205,36174
http://hdl.handle.net/2451/35204,36173
http://hdl.handle.net/2451/35203,36172
http://hdl.handle.net/2451/35202,36171
http://hdl.handle.net/2451/35201,36170
http://hdl.handle.net/2451/35200,36169
http://hdl.handle.net/2451/35199,36168
http://hdl.handle.net/2451/35198,36167
http://hdl.handle.net/2451/35197,36166
http://hdl.handle.net/2451/35196,36165
http://hdl.handle.net/2451/35195,36164
http://hdl.handle.net/2451/35194,36163
http://hdl.handle.net/2451/35193,36162
http://hdl.handle.net/2451/35192,36161
http://hdl.handle.net/2451/35191,36160
http://hdl.handle.net/2451/35190,36159
http://hdl.handle.net/2451/35189,36158
http://hdl.handle.net/2451/35188,36157
http://hdl.handle.net/2451/35187,36156
http://hdl.handle.net/2451/35186,36155
http://hdl.handle.net/2451/35185,36154
http://hdl.handle.net/2451/35184,36153
http://hdl.handle.net/2451/35183,36152
http://hdl.handle.net/2451/35182,36151
http://hdl.handle.net/2451/35181,36150
http://hdl.handle.net/2451/35180,36149
http://hdl.handle.net/2451/35179,36148
http://hdl.handle.net/2451/35178,36147
http://hdl.handle.net/2451/35177,36146
http://hdl.handle.net/2451/35176,36145
http://hdl.handle.net/2451/35175,36144
http://hdl.handle.net/2451/35174,36143
http://hdl.handle.net/2451/35173,36142
http://hdl.handle.net/2451/35172,36141
http://hdl.handle.net/2451/35171,36140
http://hdl.handle.net/2451/35170,36139
http://hdl.handle.net/2451/35169,36138
http://hdl.handle.net/2451/35168,36137
http://hdl.handle.net/2451/35167,36136
http://hdl.handle.net/2451/35166,36135
http://hdl.handle.net/2451/35165,36134
http://hdl.handle.net/2451/35164,36133
http://hdl.handle.net/2451/35163,36132
http://hdl.handle.net/2451/35162,36131
http://hdl.handle.net/2451/35161,36130
http://hdl.handle.net/2451/35160,36129
http://hdl.handle.net/2451/35159,36128
http://hdl.handle.net/2451/35158,36127
http://hdl.handle.net/2451/35157,36126
http://hdl.handle.net/2451/35156,36125
http://hdl.handle.net/2451/35155,36124
http://hdl.handle.net/2451/35154,36123
http://hdl.handle.net/2451/35153,36122
http://hdl.handle.net/2451/35152,36121
http://hdl.handle.net/2451/35151,36120
http://hdl.handle.net/2451/35150,36119
http://hdl.handle.net/2451/35149,36118
http://hdl.handle.net/2451/35148,36117
http://hdl.handle.net/2451/35147,36116
http://hdl.handle.net/2451/35146,36115
http://hdl.handle.net/2451/35145,36114
http://hdl.handle.net/2451/35144,36113
http://hdl.handle.net/2451/35143,36112
http://hdl.handle.net/2451/35142,36111
http://hdl.handle.net/2451/35141,36110
http://hdl.handle.net/2451/35140,36109
http://hdl.handle.net/2451/35139,36108
http://hdl.handle.net/2451/35138,36107
http://hdl.handle.net/2451/35137,36106
http://hdl.handle.net/2451/35136,36105
http://hdl.handle.net/2451/35135,36104
http://hdl.handle.net/2451/35134,36103
http://hdl.handle.net/2451/35133,36102
http://hdl.handle.net/2451/35132,36101
http://hdl.handle.net/2451/35131,36100
http://hdl.handle.net/2451/35130,36099
http://hdl.handle.net/2451/35129,36098
http://hdl.handle.net/2451/35128,36097
http://hdl.handle.net/2451/35127,36096
http://hdl.handle.net/2451/35126,36095
http://hdl.handle.net/2451/35125,36094
http://hdl.handle.net/2451/35124,36093
http://hdl.handle.net/2451/35123,36092
http://hdl.handle.net/2451/35122,36091
http://hdl.handle.net/2451/35121,36090
http://hdl.handle.net/2451/35120,36089
http://hdl.handle.net/2451/35119,36088
http://hdl.handle.net/2451/35118,36087
http://hdl.handle.net/2451/35117,36086
http://hdl.handle.net/2451/35116,36085
http://hdl.handle.net/2451/35115,36084
http://hdl.handle.net/2451/35114,36083
http://hdl.handle.net/2451/35113,36082
http://hdl.handle.net/2451/35112,36081
http://hdl.handle.net/2451/35111,36080
http://hdl.handle.net/2451/35110,36079
http://hdl.handle.net/2451/35109,36078
http://hdl.handle.net/2451/35108,36077
http://hdl.handle.net/2451/35107,36076
http://hdl.handle.net/2451/35106,36075
http://hdl.handle.net/2451/35105,36074
http://hdl.handle.net/2451/35104,36073
http://hdl.handle.net/2451/35103,36072
http://hdl.handle.net/2451/35102,36071
http://hdl.handle.net/2451/35101,36070
http://hdl.handle.net/2451/35100,36069
http://hdl.handle.net/2451/35099,36068
http://hdl.handle.net/2451/35098,36067
http://hdl.handle.net/2451/35097,36066
http://hdl.handle.net/2451/35096,36065
http://hdl.handle.net/2451/35095,36064
http://hdl.handle.net/2451/35094,36063
http://hdl.handle.net/2451/35093,36062
http://hdl.handle.net/2451/35092,36061
http://hdl.handle.net/2451/35091,36060
http://hdl.handle.net/2451/35090,36059
http://hdl.handle.net/2451/35089,36058
http://hdl.handle.net/2451/35088,36057
http://hdl.handle.net/2451/35087,36056
http://hdl.handle.net/2451/35086,36055
http://hdl.handle.net/2451/35085,36054
http://hdl.handle.net/2451/35084,36053
http://hdl.handle.net/2451/35083,36052
http://hdl.handle.net/2451/35082,36051
http://hdl.handle.net/2451/35081,36050
http://hdl.handle.net/2451/35080,36049
http://hdl.handle.net/2451/35079,36048
http://hdl.handle.net/2451/35078,36047
http://hdl.handle.net/2451/35077,36046
http://hdl.handle.net/2451/35076,36045
http://hdl.handle.net/2451/35075,36044
http://hdl.handle.net/2451/35074,36043
http://hdl.handle.net/2451/35073,36042
http://hdl.handle.net/2451/35072,36041
http://hdl.handle.net/2451/35071,36040
http://hdl.handle.net/2451/35070,36039
http://hdl.handle.net/2451/35069,36038
http://hdl.handle.net/2451/35068,36037
http://hdl.handle.net/2451/35067,36036
http://hdl.handle.net/2451/35066,36035
http://hdl.handle.net/2451/35065,36034
http://hdl.handle.net/2451/35064,36033
http://hdl.handle.net/2451/35063,36032
http://hdl.handle.net/2451/35062,36031
http://hdl.handle.net/2451/35061,36030
http://hdl.handle.net/2451/35060,36029
http://hdl.handle.net/2451/35059,36028
http://hdl.handle.net/2451/35058,36027
http://hdl.handle.net/2451/35057,36026
http://hdl.handle.net/2451/35056,36025
http://hdl.handle.net/2451/35055,36024
http://hdl.handle.net/2451/35054,36023
http://hdl.handle.net/2451/35053,36022
http://hdl.handle.net/2451/35052,36021
http://hdl.handle.net/2451/35051,36020
http://hdl.handle.net/2451/35050,36019
http://hdl.handle.net/2451/35049,36018
http://hdl.handle.net/2451/35048,36017
http://hdl.handle.net/2451/35047,36016
http://hdl.handle.net/2451/35046,36015
http://hdl.handle.net/2451/35045,36014
http://hdl.handle.net/2451/35044,36013
http://hdl.handle.net/2451/35043,36012
http://hdl.handle.net/2451/35042,36011
http://hdl.handle.net/2451/35041,36010
http://hdl.handle.net/2451/35040,36009
http://hdl.handle.net/2451/35039,36008
http://hdl.handle.net/2451/35038,36007
http://hdl.handle.net/2451/35037,36006
http://hdl.handle.net/2451/35036,36005
http://hdl.handle.net/2451/35035,36004
http://hdl.handle.net/2451/35034,36003
http://hdl.handle.net/2451/35033,36002
http://hdl.handle.net/2451/35032,36001
http://hdl.handle.net/2451/35031,36000
http://hdl.handle.net/2451/35030,35999
http://hdl.handle.net/2451/35029,35998
http://hdl.handle.net/2451/35028,35997
http://hdl.handle.net/2451/35027,35996
http://hdl.handle.net/2451/35026,35995
http://hdl.handle.net/2451/35025,35994
http://hdl.handle.net/2451/35024,35993
http://hdl.handle.net/2451/35023,35992
http://hdl.handle.net/2451/35022,35991
http://hdl.handle.net/2451/35021,35990
http://hdl.handle.net/2451/35020,35989
http://hdl.handle.net/2451/35019,35988
http://hdl.handle.net/2451/35018,35987
http://hdl.handle.net/2451/35017,35986
http://hdl.handle.net/2451/35016,35985
http://hdl.handle.net/2451/35015,35984
http://hdl.handle.net/2451/35014,35983
http://hdl.handle.net/2451/35013,35982
http://hdl.handle.net/2451/35012,35981
http://hdl.handle.net/2451/35011,35980
http://hdl.handle.net/2451/35010,35979
http://hdl.handle.net/2451/35009,35978
http://hdl.handle.net/2451/35008,35977
http://hdl.handle.net/2451/35007,35976
http://hdl.handle.net/2451/35006,35975
http://hdl.handle.net/2451/35005,35974
http://hdl.handle.net/2451/35004,35973
http://hdl.handle.net/2451/35003,35972
http://hdl.handle.net/2451/35002,35971
http://hdl.handle.net/2451/35001,35970
http://hdl.handle.net/2451/35000,35969
http://hdl.handle.net/2451/34999,35968
http://hdl.handle.net/2451/34998,35967
http://hdl.handle.net/2451/34997,35966
http://hdl.handle.net/2451/34996,35965
http://hdl.handle.net/2451/34995,35964
http://hdl.handle.net/2451/34994,35963
http://hdl.handle.net/2451/34993,35962
http://hdl.handle.net/2451/34992,35961
http://hdl.handle.net/2451/34991,35960
http://hdl.handle.net/2451/34990,35959
http://hdl.handle.net/2451/34989,35958
http://hdl.handle.net/2451/34988,35957
http://hdl.handle.net/2451/34987,35956
http://hdl.handle.net/2451/34986,35955
http://hdl.handle.net/2451/34985,35954
http://hdl.handle.net/2451/34984,35953
http://hdl.handle.net/2451/34983,35952
http://hdl.handle.net/2451/34982,35951
http://hdl.handle.net/2451/34981,35950
http://hdl.handle.net/2451/34980,35949
http://hdl.handle.net/2451/34979,35948
http://hdl.handle.net/2451/34978,35947
http://hdl.handle.net/2451/34977,35946
http://hdl.handle.net/2451/34976,35945
http://hdl.handle.net/2451/34975,35944
http://hdl.handle.net/2451/34974,35943
http://hdl.handle.net/2451/34973,35942
http://hdl.handle.net/2451/34972,35941
http://hdl.handle.net/2451/34971,35940
http://hdl.handle.net/2451/34970,35939
http://hdl.handle.net/2451/34969,35938
http://hdl.handle.net/2451/34968,35937
http://hdl.handle.net/2451/34967,35936
http://hdl.handle.net/2451/34966,35935
http://hdl.handle.net/2451/34965,35934
http://hdl.handle.net/2451/34964,35933
http://hdl.handle.net/2451/34963,35932
http://hdl.handle.net/2451/34962,35931
http://hdl.handle.net/2451/34961,35930
http://hdl.handle.net/2451/34960,35929
http://hdl.handle.net/2451/34959,35928
http://hdl.handle.net/2451/34958,35927
http://hdl.handle.net/2451/34957,35926
http://hdl.handle.net/2451/34956,35925
http://hdl.handle.net/2451/34955,35924
http://hdl.handle.net/2451/34954,35923
http://hdl.handle.net/2451/34953,35922
http://hdl.handle.net/2451/34952,35921
http://hdl.handle.net/2451/34951,35920
http://hdl.handle.net/2451/34950,35919
http://hdl.handle.net/2451/34949,35918
http://hdl.handle.net/2451/34948,35917
http://hdl.handle.net/2451/34947,35916
http://hdl.handle.net/2451/34946,35915
http://hdl.handle.net/2451/34945,35914
http://hdl.handle.net/2451/34944,35913
http://hdl.handle.net/2451/34943,35912
http://hdl.handle.net/2451/34942,35911
http://hdl.handle.net/2451/34941,35910
http://hdl.handle.net/2451/34940,35909
http://hdl.handle.net/2451/34939,35908
http://hdl.handle.net/2451/34938,35907
http://hdl.handle.net/2451/34937,35906
http://hdl.handle.net/2451/34936,35905
http://hdl.handle.net/2451/34935,35904
http://hdl.handle.net/2451/34934,35903
http://hdl.handle.net/2451/34933,35902
http://hdl.handle.net/2451/34932,35901
http://hdl.handle.net/2451/34931,35900
http://hdl.handle.net/2451/34930,35899
http://hdl.handle.net/2451/34929,35898
http://hdl.handle.net/2451/34928,35897
http://hdl.handle.net/2451/34927,35896
http://hdl.handle.net/2451/34924,35890
http://hdl.handle.net/2451/34923,35889
http://hdl.handle.net/2451/34922,35888
http://hdl.handle.net/2451/34921,35887
http://hdl.handle.net/2451/34920,35886
http://hdl.handle.net/2451/34919,35885
http://hdl.handle.net/2451/34918,35884
http://hdl.handle.net/2451/34917,35883
http://hdl.handle.net/2451/34915,35881
http://hdl.handle.net/2451/34912,35878
http://hdl.handle.net/2451/34775,35728
http://hdl.handle.net/2451/34763,35711
http://hdl.handle.net/2451/34760,35710
http://hdl.handle.net/2451/34759,35709
http://hdl.handle.net/2451/34758,35708
http://hdl.handle.net/2451/34757,35707
http://hdl.handle.net/2451/34756,35706
http://hdl.handle.net/2451/34755,35705
http://hdl.handle.net/2451/34754,35704
http://hdl.handle.net/2451/34753,35703
http://hdl.handle.net/2451/34752,35702
http://hdl.handle.net/2451/34751,35701
http://hdl.handle.net/2451/34750,35700
http://hdl.handle.net/2451/34749,35699
http://hdl.handle.net/2451/34748,35698
http://hdl.handle.net/2451/34747,35697
http://hdl.handle.net/2451/34745,35695
http://hdl.handle.net/2451/34744,35694
http://hdl.handle.net/2451/34743,35693
http://hdl.handle.net/2451/34742,35692
http://hdl.handle.net/2451/34741,35691
http://hdl.handle.net/2451/34740,35690
http://hdl.handle.net/2451/34739,35689
http://hdl.handle.net/2451/34738,35688
http://hdl.handle.net/2451/34737,35687
http://hdl.handle.net/2451/34736,35686
http://hdl.handle.net/2451/34735,35685
http://hdl.handle.net/2451/34734,35684
http://hdl.handle.net/2451/34733,35683
http://hdl.handle.net/2451/34732,35682
http://hdl.handle.net/2451/34731,35681
http://hdl.handle.net/2451/34730,35680
http://hdl.handle.net/2451/34729,35679
http://hdl.handle.net/2451/34728,35678
http://hdl.handle.net/2451/34727,35677
http://hdl.handle.net/2451/34726,35676
http://hdl.handle.net/2451/34725,35675
http://hdl.handle.net/2451/34724,35674
http://hdl.handle.net/2451/34723,35673
http://hdl.handle.net/2451/34722,35672
http://hdl.handle.net/2451/34721,35671
http://hdl.handle.net/2451/34720,35670
http://hdl.handle.net/2451/34719,35669
http://hdl.handle.net/2451/34718,35668
http://hdl.handle.net/2451/34717,35667
http://hdl.handle.net/2451/34716,35666
http://hdl.handle.net/2451/34715,35665
http://hdl.handle.net/2451/34714,35664
http://hdl.handle.net/2451/34713,35663
http://hdl.handle.net/2451/34712,35662
http://hdl.handle.net/2451/34711,35661
http://hdl.handle.net/2451/34710,35660
http://hdl.handle.net/2451/34709,35659
http://hdl.handle.net/2451/34708,35658
http://hdl.handle.net/2451/34707,35657
http://hdl.handle.net/2451/34706,35656
http://hdl.handle.net/2451/34705,35655
http://hdl.handle.net/2451/34704,35654
http://hdl.handle.net/2451/34703,35653
http://hdl.handle.net/2451/34702,35652
http://hdl.handle.net/2451/34701,35651
http://hdl.handle.net/2451/34700,35650
http://hdl.handle.net/2451/34699,35649
http://hdl.handle.net/2451/34698,35648
http://hdl.handle.net/2451/34697,35647
http://hdl.handle.net/2451/34696,35646
http://hdl.handle.net/2451/34695,35645
http://hdl.handle.net/2451/34694,35644
http://hdl.handle.net/2451/34693,35643
http://hdl.handle.net/2451/34692,35642
http://hdl.handle.net/2451/34691,35641
http://hdl.handle.net/2451/34690,35640
http://hdl.handle.net/2451/34689,35639
http://hdl.handle.net/2451/34688,35638
http://hdl.handle.net/2451/34684,35634
http://hdl.handle.net/2451/34679,35621
http://hdl.handle.net/2451/34678,35620
http://hdl.handle.net/2451/34677,35619
http://hdl.handle.net/2451/34676,35618
http://hdl.handle.net/2451/34675,35617
http://hdl.handle.net/2451/34674,35616
http://hdl.handle.net/2451/34673,35615
http://hdl.handle.net/2451/34672,35614
http://hdl.handle.net/2451/34671,35613
http://hdl.handle.net/2451/34670,35612
http://hdl.handle.net/2451/34669,35611
http://hdl.handle.net/2451/34668,35610
http://hdl.handle.net/2451/34667,35609
http://hdl.handle.net/2451/34666,35608
http://hdl.handle.net/2451/34636,35569
http://hdl.handle.net/2451/34635,35568
http://hdl.handle.net/2451/34633,35566
http://hdl.handle.net/2451/34632,35565
http://hdl.handle.net/2451/34631,35564
http://hdl.handle.net/2451/34630,35563
http://hdl.handle.net/2451/34628,35561
http://hdl.handle.net/2451/34627,35560
http://hdl.handle.net/2451/34626,35559
http://hdl.handle.net/2451/34625,35558
http://hdl.handle.net/2451/34622,35556
http://hdl.handle.net/2451/34620,35554
http://hdl.handle.net/2451/34617,35551
http://hdl.handle.net/2451/34616,35550
http://hdl.handle.net/2451/34615,35549
http://hdl.handle.net/2451/34614,35548
http://hdl.handle.net/2451/34613,35547
http://hdl.handle.net/2451/34612,35546
http://hdl.handle.net/2451/34611,35545
http://hdl.handle.net/2451/34610,35544
http://hdl.handle.net/2451/34609,35543
http://hdl.handle.net/2451/34608,35542
http://hdl.handle.net/2451/34607,35541
http://hdl.handle.net/2451/34606,35540
http://hdl.handle.net/2451/34605,35539
http://hdl.handle.net/2451/34604,35538
http://hdl.handle.net/2451/34603,35537
http://hdl.handle.net/2451/34602,35536
http://hdl.handle.net/2451/34601,35534
http://hdl.handle.net/2451/34597,35530
http://hdl.handle.net/2451/34596,35529
http://hdl.handle.net/2451/34590,35523
http://hdl.handle.net/2451/34574,35502
http://hdl.handle.net/2451/34565,35499
http://hdl.handle.net/2451/34572,35498
http://hdl.handle.net/2451/34564,35497
http://hdl.handle.net/2451/34563,35496
http://hdl.handle.net/2451/34571,35495
http://hdl.handle.net/2451/34562,35494
http://hdl.handle.net/2451/34561,35493
http://hdl.handle.net/2451/34560,35492
http://hdl.handle.net/2451/34559,35491
http://hdl.handle.net/2451/34558,35490
http://hdl.handle.net/2451/34557,35489
http://hdl.handle.net/2451/34570,35488
http://hdl.handle.net/2451/34569,35487
http://hdl.handle.net/2451/34568,35486
http://hdl.handle.net/2451/34567,35485
http://hdl.handle.net/2451/34566,35484
http://hdl.handle.net/2451/34556,35483
http://hdl.handle.net/2451/34555,35482
http://hdl.handle.net/2451/34549,35474
http://hdl.handle.net/2451/34548,35473
http://hdl.handle.net/2451/34547,35472
http://hdl.handle.net/2451/34546,35471
http://hdl.handle.net/2451/34545,35470
http://hdl.handle.net/2451/34544,35469
http://hdl.handle.net/2451/34543,35468
http://hdl.handle.net/2451/34542,35467
http://hdl.handle.net/2451/34541,35466
http://hdl.handle.net/2451/34540,35465
http://hdl.handle.net/2451/34539,35464
http://hdl.handle.net/2451/34538,35463
http://hdl.handle.net/2451/34537,35462
http://hdl.handle.net/2451/34536,35461
http://hdl.handle.net/2451/34535,35460
http://hdl.handle.net/2451/34534,35459
http://hdl.handle.net/2451/34533,35458
http://hdl.handle.net/2451/34532,35457
http://hdl.handle.net/2451/34531,35456
http://hdl.handle.net/2451/34530,35455
http://hdl.handle.net/2451/34529,35454
http://hdl.handle.net/2451/34528,35453
http://hdl.handle.net/2451/34527,35452
http://hdl.handle.net/2451/34525,35451
http://hdl.handle.net/2451/34526,35450
http://hdl.handle.net/2451/34524,35449
http://hdl.handle.net/2451/34523,35448
http://hdl.handle.net/2451/34522,35447
http://hdl.handle.net/2451/34521,35446
http://hdl.handle.net/2451/34520,35445
http://hdl.handle.net/2451/34519,35428
http://hdl.handle.net/2451/34518,35427
http://hdl.handle.net/2451/34516,35423
http://hdl.handle.net/2451/34515,35422
http://hdl.handle.net/2451/34514,35421
http://hdl.handle.net/2451/34513,35420
http://hdl.handle.net/2451/34512,35419
http://hdl.handle.net/2451/34511,35418
http://hdl.handle.net/2451/34510,35417
http://hdl.handle.net/2451/34509,35416
http://hdl.handle.net/2451/34508,35415
http://hdl.handle.net/2451/34507,35414
http://hdl.handle.net/2451/34506,35413
http://hdl.handle.net/2451/34505,35412
http://hdl.handle.net/2451/34504,35411
http://hdl.handle.net/2451/34503,35409
http://hdl.handle.net/2451/34502,35408
http://hdl.handle.net/2451/34501,35407
http://hdl.handle.net/2451/34500,35406
http://hdl.handle.net/2451/34499,35404
http://hdl.handle.net/2451/34498,35403
http://hdl.handle.net/2451/34497,35402
http://hdl.handle.net/2451/34496,35401
http://hdl.handle.net/2451/34495,35400
http://hdl.handle.net/2451/34494,35399
http://hdl.handle.net/2451/34493,35398
http://hdl.handle.net/2451/34492,35397
http://hdl.handle.net/2451/34491,35395
http://hdl.handle.net/2451/34490,35394
http://hdl.handle.net/2451/34488,35388
http://hdl.handle.net/2451/34487,35387
http://hdl.handle.net/2451/34486,35386
http://hdl.handle.net/2451/34485,35385
http://hdl.handle.net/2451/34484,35384
http://hdl.handle.net/2451/34483,35383
http://hdl.handle.net/2451/34482,35382
http://hdl.handle.net/2451/34481,35381
http://hdl.handle.net/2451/34480,35380
http://hdl.handle.net/2451/34479,35379
http://hdl.handle.net/2451/34478,35378
http://hdl.handle.net/2451/34477,35377
http://hdl.handle.net/2451/34476,35376
http://hdl.handle.net/2451/34475,35375
http://hdl.handle.net/2451/34474,35374
http://hdl.handle.net/2451/34473,35373
http://hdl.handle.net/2451/34472,35372
http://hdl.handle.net/2451/34471,35371
http://hdl.handle.net/2451/34470,35370
http://hdl.handle.net/2451/34469,35369
http://hdl.handle.net/2451/34468,35368
http://hdl.handle.net/2451/34467,35367
http://hdl.handle.net/2451/34466,35366
http://hdl.handle.net/2451/34465,35365
http://hdl.handle.net/2451/34460,35355
http://hdl.handle.net/2451/34457,35350
http://hdl.handle.net/2451/34453,35335
http://hdl.handle.net/2451/34452,35334
http://hdl.handle.net/2451/34451,35333
http://hdl.handle.net/2451/34450,35332
http://hdl.handle.net/2451/34449,35331
http://hdl.handle.net/2451/34448,35330
http://hdl.handle.net/2451/34447,35329
http://hdl.handle.net/2451/34446,35328
http://hdl.handle.net/2451/34445,35327
http://hdl.handle.net/2451/34444,35326
http://hdl.handle.net/2451/34443,35325
http://hdl.handle.net/2451/34442,35324
http://hdl.handle.net/2451/34441,35323
http://hdl.handle.net/2451/34440,35322
http://hdl.handle.net/2451/34439,35321
http://hdl.handle.net/2451/34438,35320
http://hdl.handle.net/2451/34437,35319
http://hdl.handle.net/2451/34436,35318
http://hdl.handle.net/2451/34435,35317
http://hdl.handle.net/2451/34434,35316
http://hdl.handle.net/2451/34433,35315
http://hdl.handle.net/2451/34432,35314
http://hdl.handle.net/2451/34431,35313
http://hdl.handle.net/2451/34430,35312
http://hdl.handle.net/2451/34429,35311
http://hdl.handle.net/2451/34428,35310
http://hdl.handle.net/2451/34427,35309
http://hdl.handle.net/2451/34426,35308
http://hdl.handle.net/2451/34425,35307
http://hdl.handle.net/2451/34424,35306
http://hdl.handle.net/2451/34423,35305
http://hdl.handle.net/2451/34422,35304
http://hdl.handle.net/2451/34421,35303
http://hdl.handle.net/2451/34420,35302
http://hdl.handle.net/2451/34419,35301
http://hdl.handle.net/2451/34418,35300
http://hdl.handle.net/2451/34417,35299
http://hdl.handle.net/2451/34416,35298
http://hdl.handle.net/2451/34415,35297
http://hdl.handle.net/2451/34414,35296
http://hdl.handle.net/2451/34413,35295
http://hdl.handle.net/2451/34412,35294
http://hdl.handle.net/2451/34411,35293
http://hdl.handle.net/2451/34410,35292
http://hdl.handle.net/2451/34409,35291
http://hdl.handle.net/2451/34408,35290
http://hdl.handle.net/2451/34407,35289
http://hdl.handle.net/2451/34406,35288
http://hdl.handle.net/2451/34405,35287
http://hdl.handle.net/2451/34404,35286
http://hdl.handle.net/2451/34403,35285
http://hdl.handle.net/2451/34402,35284
http://hdl.handle.net/2451/34401,35283
http://hdl.handle.net/2451/34400,35282
http://hdl.handle.net/2451/34399,35281
http://hdl.handle.net/2451/34398,35280
http://hdl.handle.net/2451/34397,35279
http://hdl.handle.net/2451/34396,35278
http://hdl.handle.net/2451/34395,35277
http://hdl.handle.net/2451/34394,35276
http://hdl.handle.net/2451/34393,35275
http://hdl.handle.net/2451/34392,35274
http://hdl.handle.net/2451/34391,35273
http://hdl.handle.net/2451/34390,35272
http://hdl.handle.net/2451/34389,35271
http://hdl.handle.net/2451/34388,35270
http://hdl.handle.net/2451/34387,35269
http://hdl.handle.net/2451/34386,35268
http://hdl.handle.net/2451/34385,35267
http://hdl.handle.net/2451/34384,35266
http://hdl.handle.net/2451/34383,35265
http://hdl.handle.net/2451/34382,35264
http://hdl.handle.net/2451/34381,35263
http://hdl.handle.net/2451/34380,35262
http://hdl.handle.net/2451/34379,35261
http://hdl.handle.net/2451/34378,35260
http://hdl.handle.net/2451/34377,35259
http://hdl.handle.net/2451/34376,35258
http://hdl.handle.net/2451/34375,35257
http://hdl.handle.net/2451/34374,35256
http://hdl.handle.net/2451/34373,35255
http://hdl.handle.net/2451/34372,35254
http://hdl.handle.net/2451/34371,35253
http://hdl.handle.net/2451/34370,35252
http://hdl.handle.net/2451/34369,35251
http://hdl.handle.net/2451/34368,35250
http://hdl.handle.net/2451/34367,35249
http://hdl.handle.net/2451/34366,35248
http://hdl.handle.net/2451/34365,35247
http://hdl.handle.net/2451/34364,35246
http://hdl.handle.net/2451/34363,35245
http://hdl.handle.net/2451/34362,35244
http://hdl.handle.net/2451/34361,35243
http://hdl.handle.net/2451/34360,35242
http://hdl.handle.net/2451/34359,35241
http://hdl.handle.net/2451/34358,35240
http://hdl.handle.net/2451/34357,35239
http://hdl.handle.net/2451/34356,35238
http://hdl.handle.net/2451/34355,35237
http://hdl.handle.net/2451/34354,35236
http://hdl.handle.net/2451/34353,35235
http://hdl.handle.net/2451/34352,35234
http://hdl.handle.net/2451/34351,35233
http://hdl.handle.net/2451/34350,35232
http://hdl.handle.net/2451/34349,35231
http://hdl.handle.net/2451/34348,35230
http://hdl.handle.net/2451/34347,35229
http://hdl.handle.net/2451/34345,35227
http://hdl.handle.net/2451/34343,35225
http://hdl.handle.net/2451/34342,35224
http://hdl.handle.net/2451/34341,35223
http://hdl.handle.net/2451/34340,35222
http://hdl.handle.net/2451/34338,35220
http://hdl.handle.net/2451/34337,35219
http://hdl.handle.net/2451/34335,35217
http://hdl.handle.net/2451/34334,35216
http://hdl.handle.net/2451/34332,35214
http://hdl.handle.net/2451/34330,35212
http://hdl.handle.net/2451/34329,35211
http://hdl.handle.net/2451/34328,35210
http://hdl.handle.net/2451/34326,35208
http://hdl.handle.net/2451/34325,35207
http://hdl.handle.net/2451/34323,35205
http://hdl.handle.net/2451/34322,35204
http://hdl.handle.net/2451/34321,35203
http://hdl.handle.net/2451/34320,35202
http://hdl.handle.net/2451/34319,35201
http://hdl.handle.net/2451/34318,35200
http://hdl.handle.net/2451/34317,35199
http://hdl.handle.net/2451/34316,35198
http://hdl.handle.net/2451/34315,35197
http://hdl.handle.net/2451/34314,35196
http://hdl.handle.net/2451/34313,35195
http://hdl.handle.net/2451/34312,35194
http://hdl.handle.net/2451/34311,35193
http://hdl.handle.net/2451/34310,35192
http://hdl.handle.net/2451/34309,35191
http://hdl.handle.net/2451/34308,35190
http://hdl.handle.net/2451/34307,35189
http://hdl.handle.net/2451/34210,35063
http://hdl.handle.net/2451/34209,35062
http://hdl.handle.net/2451/34208,35061
http://hdl.handle.net/2451/34207,35060
http://hdl.handle.net/2451/34206,35059
http://hdl.handle.net/2451/34205,35058
http://hdl.handle.net/2451/34204,35057
http://hdl.handle.net/2451/34203,35056
http://hdl.handle.net/2451/34202,35055
http://hdl.handle.net/2451/34201,35054
http://hdl.handle.net/2451/34200,35053
http://hdl.handle.net/2451/34199,35052
http://hdl.handle.net/2451/34198,35051
http://hdl.handle.net/2451/34197,35050
http://hdl.handle.net/2451/34196,35049
http://hdl.handle.net/2451/34195,35048
http://hdl.handle.net/2451/34194,35047
http://hdl.handle.net/2451/34190,35041
http://hdl.handle.net/2451/34189,35039
http://hdl.handle.net/2451/34186,35035
http://hdl.handle.net/2451/34185,35034
http://hdl.handle.net/2451/34184,35033
http://hdl.handle.net/2451/34183,35032
http://hdl.handle.net/2451/34182,35031
http://hdl.handle.net/2451/34181,35030
http://hdl.handle.net/2451/34180,35029
http://hdl.handle.net/2451/34179,35028
http://hdl.handle.net/2451/34178,35027
http://hdl.handle.net/2451/34177,35026
http://hdl.handle.net/2451/34176,35025
http://hdl.handle.net/2451/34175,35024
http://hdl.handle.net/2451/34174,35023
http://hdl.handle.net/2451/34173,35022
http://hdl.handle.net/2451/34172,35021
http://hdl.handle.net/2451/34171,35020
http://hdl.handle.net/2451/34170,35019
http://hdl.handle.net/2451/34169,35018
http://hdl.handle.net/2451/34168,35017
http://hdl.handle.net/2451/34167,35016
http://hdl.handle.net/2451/34166,35015
http://hdl.handle.net/2451/34165,35014
http://hdl.handle.net/2451/34164,35013
http://hdl.handle.net/2451/34163,35012
http://hdl.handle.net/2451/34162,35011
http://hdl.handle.net/2451/34161,35010
http://hdl.handle.net/2451/34160,35009
http://hdl.handle.net/2451/34159,35008
http://hdl.handle.net/2451/34158,35006
http://hdl.handle.net/2451/34157,35005
http://hdl.handle.net/2451/34156,35004
http://hdl.handle.net/2451/34155,35003
http://hdl.handle.net/2451/34154,35000
http://hdl.handle.net/2451/34153,34998
http://hdl.handle.net/2451/34152,34997
http://hdl.handle.net/2451/34151,34996
http://hdl.handle.net/2451/34150,34995
http://hdl.handle.net/2451/34149,34994
http://hdl.handle.net/2451/34148,34993
http://hdl.handle.net/2451/34147,34992
http://hdl.handle.net/2451/34146,34991
http://hdl.handle.net/2451/34145,34990
http://hdl.handle.net/2451/34144,34989
http://hdl.handle.net/2451/34143,34988
http://hdl.handle.net/2451/34142,34987
http://hdl.handle.net/2451/34141,34986
http://hdl.handle.net/2451/34140,34985
http://hdl.handle.net/2451/34139,34984
http://hdl.handle.net/2451/34138,34983
http://hdl.handle.net/2451/34137,34982
http://hdl.handle.net/2451/34136,34981
http://hdl.handle.net/2451/34135,34980
http://hdl.handle.net/2451/34134,34979
http://hdl.handle.net/2451/34133,34978
http://hdl.handle.net/2451/34132,34977
http://hdl.handle.net/2451/34131,34976
http://hdl.handle.net/2451/34130,34975
http://hdl.handle.net/2451/34129,34974
http://hdl.handle.net/2451/34128,34973
http://hdl.handle.net/2451/34127,34971
http://hdl.handle.net/2451/34126,34970
http://hdl.handle.net/2451/34125,34969
http://hdl.handle.net/2451/34124,34968
http://hdl.handle.net/2451/34123,34967
http://hdl.handle.net/2451/34122,34966
http://hdl.handle.net/2451/34121,34965
http://hdl.handle.net/2451/34120,34964
http://hdl.handle.net/2451/34119,34963
http://hdl.handle.net/2451/34118,34962
http://hdl.handle.net/2451/34117,34961
http://hdl.handle.net/2451/34116,34960
http://hdl.handle.net/2451/34115,34959
http://hdl.handle.net/2451/34114,34958
http://hdl.handle.net/2451/34113,34957
http://hdl.handle.net/2451/34112,34956
http://hdl.handle.net/2451/34111,34955
http://hdl.handle.net/2451/34110,34954
http://hdl.handle.net/2451/34109,34953
http://hdl.handle.net/2451/34108,34952
http://hdl.handle.net/2451/34107,34951
http://hdl.handle.net/2451/34106,34950
http://hdl.handle.net/2451/34105,34949
http://hdl.handle.net/2451/34104,34948
http://hdl.handle.net/2451/34102,34946
http://hdl.handle.net/2451/34101,34945
http://hdl.handle.net/2451/34100,34944
http://hdl.handle.net/2451/34099,34943
http://hdl.handle.net/2451/34098,34942
http://hdl.handle.net/2451/34097,34941
http://hdl.handle.net/2451/34096,34940
http://hdl.handle.net/2451/34095,34939
http://hdl.handle.net/2451/34094,34938
http://hdl.handle.net/2451/34093,34937
http://hdl.handle.net/2451/34092,34936
http://hdl.handle.net/2451/34091,34935
http://hdl.handle.net/2451/34090,34934
http://hdl.handle.net/2451/34089,34933
http://hdl.handle.net/2451/34088,34932
http://hdl.handle.net/2451/34087,34931
http://hdl.handle.net/2451/34086,34930
http://hdl.handle.net/2451/34085,34929
http://hdl.handle.net/2451/34084,34928
http://hdl.handle.net/2451/34083,34927
http://hdl.handle.net/2451/34082,34926
http://hdl.handle.net/2451/34081,34925
http://hdl.handle.net/2451/34080,34924
http://hdl.handle.net/2451/34079,34923
http://hdl.handle.net/2451/34078,34922
http://hdl.handle.net/2451/34077,34921
http://hdl.handle.net/2451/34076,34920
http://hdl.handle.net/2451/34075,34919
http://hdl.handle.net/2451/34074,34918
http://hdl.handle.net/2451/34073,34917
http://hdl.handle.net/2451/34072,34916
http://hdl.handle.net/2451/34071,34915
http://hdl.handle.net/2451/34070,34914
http://hdl.handle.net/2451/34069,34913
http://hdl.handle.net/2451/34068,34912
http://hdl.handle.net/2451/34067,34911
http://hdl.handle.net/2451/34066,34910
http://hdl.handle.net/2451/34065,34909
http://hdl.handle.net/2451/34064,34908
http://hdl.handle.net/2451/34063,34907
http://hdl.handle.net/2451/34062,34906
http://hdl.handle.net/2451/34061,34905
http://hdl.handle.net/2451/34060,34904
http://hdl.handle.net/2451/34059,34903
http://hdl.handle.net/2451/34057,34900
http://hdl.handle.net/2451/34056,34899
http://hdl.handle.net/2451/34055,34898
http://hdl.handle.net/2451/34054,34897
http://hdl.handle.net/2451/34053,34896
http://hdl.handle.net/2451/34052,34895
http://hdl.handle.net/2451/34051,34894
http://hdl.handle.net/2451/34049,34892
http://hdl.handle.net/2451/34048,34891
http://hdl.handle.net/2451/34047,34890
http://hdl.handle.net/2451/34046,34889
http://hdl.handle.net/2451/34045,34888
http://hdl.handle.net/2451/34043,34886
http://hdl.handle.net/2451/34040,34884
http://hdl.handle.net/2451/34036,34880
http://hdl.handle.net/2451/34031,34877
http://hdl.handle.net/2451/34030,34876
http://hdl.handle.net/2451/33987,34834
http://hdl.handle.net/2451/33920,34746
http://hdl.handle.net/2451/33919,34745
http://hdl.handle.net/2451/33918,34744
http://hdl.handle.net/2451/33917,34743
http://hdl.handle.net/2451/33916,34742
http://hdl.handle.net/2451/33915,34741
http://hdl.handle.net/2451/33914,34740
http://hdl.handle.net/2451/33891,34699
http://hdl.handle.net/2451/33888,34696
http://hdl.handle.net/2451/33876,34679
http://hdl.handle.net/2451/42697,43792
http://hdl.handle.net/2451/42698,43793
http://hdl.handle.net/2451/42699,43794
http://hdl.handle.net/2451/42700,43795
http://hdl.handle.net/2451/42701,43796
http://hdl.handle.net/2451/42702,43797
http://hdl.handle.net/2451/42703,43798
http://hdl.handle.net/2451/42704,43799
http://hdl.handle.net/2451/42705,43800
http://hdl.handle.net/2451/42706,43801
http://hdl.handle.net/2451/42707,43802
http://hdl.handle.net/2451/42708,43803
http://hdl.handle.net/2451/42709,43804
http://hdl.handle.net/2451/42710,43805
http://hdl.handle.net/2451/42711,43806
http://hdl.handle.net/2451/42712,43807
http://hdl.handle.net/2451/42713,43808
http://hdl.handle.net/2451/42714,43809
http://hdl.handle.net/2451/42715,43810
http://hdl.handle.net/2451/42716,43811
http://hdl.handle.net/2451/42717,43812
http://hdl.handle.net/2451/42718,43813
http://hdl.handle.net/2451/42719,43814
http://hdl.handle.net/2451/42720,43815
http://hdl.handle.net/2451/42721,43816
http://hdl.handle.net/2451/42722,43817
http://hdl.handle.net/2451/42723,43818
http://hdl.handle.net/2451/42724,43819
http://hdl.handle.net/2451/42725,43820
http://hdl.handle.net/2451/42726,43821
http://hdl.handle.net/2451/42727,43822
http://hdl.handle.net/2451/42728,43823
http://hdl.handle.net/2451/42729,43824
http://hdl.handle.net/2451/42730,43825
http://hdl.handle.net/2451/42731,43826
http://hdl.handle.net/2451/42732,43827
http://hdl.handle.net/2451/42733,43828
http://hdl.handle.net/2451/42734,43829
http://hdl.handle.net/2451/42735,43830
http://hdl.handle.net/2451/42736,43831
http://hdl.handle.net/2451/42737,43832
http://hdl.handle.net/2451/42738,43833
http://hdl.handle.net/2451/42739,43834
http://hdl.handle.net/2451/42740,43835
http://hdl.handle.net/2451/42741,43836
http://hdl.handle.net/2451/42742,43837
http://hdl.handle.net/2451/42743,43838
http://hdl.handle.net/2451/42744,43839
http://hdl.handle.net/2451/42745,43840
http://hdl.handle.net/2451/42746,43841
http://hdl.handle.net/2451/42747,43842
http://hdl.handle.net/2451/42748,43843
http://hdl.handle.net/2451/42749,43844
http://hdl.handle.net/2451/42750,43845
http://hdl.handle.net/2451/42751,43846
http://hdl.handle.net/2451/42752,43847
http://hdl.handle.net/2451/42753,43848
http://hdl.handle.net/2451/42754,43849
http://hdl.handle.net/2451/42755,43850
http://hdl.handle.net/2451/43141,44234
http://hdl.handle.net/2451/43142,44235
http://hdl.handle.net/2451/43143,44236
http://hdl.handle.net/2451/43144,44237
http://hdl.handle.net/2451/43145,44238
http://hdl.handle.net/2451/43146,44239
http://hdl.handle.net/2451/43147,44240
http://hdl.handle.net/2451/43148,44241
http://hdl.handle.net/2451/43149,44242
http://hdl.handle.net/2451/43150,44243
http://hdl.handle.net/2451/43151,44244
http://hdl.handle.net/2451/43152,44245
http://hdl.handle.net/2451/43153,44246
http://hdl.handle.net/2451/43154,44247
http://hdl.handle.net/2451/43155,44248
http://hdl.handle.net/2451/43156,44249
http://hdl.handle.net/2451/43157,44250
http://hdl.handle.net/2451/43158,44251
http://hdl.handle.net/2451/43159,44252
http://hdl.handle.net/2451/43160,44253
http://hdl.handle.net/2451/43161,44254
http://hdl.handle.net/2451/43162,44255
http://hdl.handle.net/2451/43163,44256
http://hdl.handle.net/2451/43164,44257
http://hdl.handle.net/2451/43165,44258
http://hdl.handle.net/2451/43452,44549
http://hdl.handle.net/2451/43665,44768
http://hdl.handle.net/2451/43666,44769
http://hdl.handle.net/2451/43667,44770
http://hdl.handle.net/2451/43668,44771
http://hdl.handle.net/2451/43669,44772
http://hdl.handle.net/2451/43670,44773
http://hdl.handle.net/2451/43671,44774
http://hdl.handle.net/2451/43672,44775
http://hdl.handle.net/2451/43673,44776
http://hdl.handle.net/2451/43674,44777
http://hdl.handle.net/2451/43675,44778
http://hdl.handle.net/2451/43676,44779
http://hdl.handle.net/2451/43677,44780
http://hdl.handle.net/2451/43678,44781
http://hdl.handle.net/2451/43679,44782
http://hdl.handle.net/2451/43680,44783
http://hdl.handle.net/2451/43681,44784
http://hdl.handle.net/2451/43682,44785
http://hdl.handle.net/2451/43715,44882
http://hdl.handle.net/2451/43716,44883
http://hdl.handle.net/2451/43717,44884
http://hdl.handle.net/2451/43718,44885
http://hdl.handle.net/2451/43719,44886
http://hdl.handle.net/2451/43720,44887
http://hdl.handle.net/2451/43721,44888
http://hdl.handle.net/2451/43722,44889
http://hdl.handle.net/2451/43723,44890
http://hdl.handle.net/2451/43724,44891
http://hdl.handle.net/2451/43725,44892
http://hdl.handle.net/2451/43726,44893
http://hdl.handle.net/2451/43727,44894
http://hdl.handle.net/2451/43728,44895
http://hdl.handle.net/2451/43729,44896
http://hdl.handle.net/2451/43730,44897
http://hdl.handle.net/2451/43731,44898
http://hdl.handle.net/2451/43732,44899
http://hdl.handle.net/2451/43733,44900
http://hdl.handle.net/2451/43734,44901
http://hdl.handle.net/2451/43735,44902
http://hdl.handle.net/2451/43736,44903
http://hdl.handle.net/2451/43737,44904
http://hdl.handle.net/2451/43738,44905
http://hdl.handle.net/2451/43739,44906
http://hdl.handle.net/2451/43740,44907
http://hdl.handle.net/2451/43741,44908
http://hdl.handle.net/2451/43742,44909
http://hdl.handle.net/2451/43743,44910
http://hdl.handle.net/2451/43744,44911
http://hdl.handle.net/2451/43745,44912
http://hdl.handle.net/2451/43746,44913
http://hdl.handle.net/2451/43747,44914
http://hdl.handle.net/2451/43748,44915
http://hdl.handle.net/2451/43749,44916
http://hdl.handle.net/2451/43750,44917
http://hdl.handle.net/2451/43751,44918
http://hdl.handle.net/2451/43752,44919
http://hdl.handle.net/2451/43753,44920
http://hdl.handle.net/2451/43754,44921
http://hdl.handle.net/2451/43755,44922
http://hdl.handle.net/2451/43756,44923
http://hdl.handle.net/2451/43780,44951
http://hdl.handle.net/2451/43781,44952
http://hdl.handle.net/2451/43782,44953
http://hdl.handle.net/2451/43783,44954
http://hdl.handle.net/2451/43784,44955
http://hdl.handle.net/2451/43785,44956
http://hdl.handle.net/2451/43786,44957
http://hdl.handle.net/2451/43787,44958
http://hdl.handle.net/2451/43788,44959
http://hdl.handle.net/2451/43789,44960
http://hdl.handle.net/2451/43790,44961
http://hdl.handle.net/2451/43791,44962
http://hdl.handle.net/2451/43792,44963
http://hdl.handle.net/2451/43793,44964
http://hdl.handle.net/2451/43794,44965
http://hdl.handle.net/2451/43795,44966
http://hdl.handle.net/2451/43796,44967
http://hdl.handle.net/2451/43797,44968
http://hdl.handle.net/2451/43798,44969
http://hdl.handle.net/2451/43799,44970
http://hdl.handle.net/2451/43800,44971
http://hdl.handle.net/2451/43801,44972
http://hdl.handle.net/2451/43802,44973
http://hdl.handle.net/2451/43803,44974
http://hdl.handle.net/2451/43804,44975
http://hdl.handle.net/2451/43805,44976
http://hdl.handle.net/2451/43806,44977
http://hdl.handle.net/2451/43807,44978
http://hdl.handle.net/2451/43808,44979
http://hdl.handle.net/2451/43809,44980
http://hdl.handle.net/2451/43810,44981
http://hdl.handle.net/2451/43811,44982
http://hdl.handle.net/2451/43812,44983
http://hdl.handle.net/2451/43813,44984
http://hdl.handle.net/2451/43814,44985
http://hdl.handle.net/2451/43815,44986
http://hdl.handle.net/2451/43816,44987
http://hdl.handle.net/2451/43817,44988
http://hdl.handle.net/2451/43818,44989
http://hdl.handle.net/2451/43819,44990
http://hdl.handle.net/2451/43820,44991
http://hdl.handle.net/2451/43821,44992
http://hdl.handle.net/2451/43822,44993
http://hdl.handle.net/2451/43823,44994
http://hdl.handle.net/2451/43824,44995
http://hdl.handle.net/2451/43825,44996
http://hdl.handle.net/2451/43826,44997
http://hdl.handle.net/2451/43827,44998
http://hdl.handle.net/2451/43828,44999
http://hdl.handle.net/2451/43829,45000
http://hdl.handle.net/2451/43830,45001
http://hdl.handle.net/2451/43831,45002
http://hdl.handle.net/2451/43832,45003
http://hdl.handle.net/2451/43833,45004
http://hdl.handle.net/2451/43834,45005
http://hdl.handle.net/2451/43835,45006
http://hdl.handle.net/2451/43836,45007
http://hdl.handle.net/2451/43837,45008
http://hdl.handle.net/2451/43838,45009
http://hdl.handle.net/2451/43839,45010
http://hdl.handle.net/2451/43840,45011
http://hdl.handle.net/2451/43841,45012
http://hdl.handle.net/2451/43842,45013
http://hdl.handle.net/2451/43843,45014
http://hdl.handle.net/2451/43844,45015
http://hdl.handle.net/2451/43845,45016
http://hdl.handle.net/2451/43846,45017
http://hdl.handle.net/2451/43847,45018
http://hdl.handle.net/2451/43848,45019
http://hdl.handle.net/2451/43849,45020
http://hdl.handle.net/2451/43850,45021
http://hdl.handle.net/2451/43851,45022
http://hdl.handle.net/2451/43852,45023
http://hdl.handle.net/2451/43853,45024
http://hdl.handle.net/2451/43854,45025
http://hdl.handle.net/2451/43855,45026
http://hdl.handle.net/2451/43856,45027
http://hdl.handle.net/2451/43857,45028
http://hdl.handle.net/2451/43858,45029
http://hdl.handle.net/2451/43859,45030
http://hdl.handle.net/2451/43860,45031
http://hdl.handle.net/2451/43861,45032
http://hdl.handle.net/2451/43862,45033
http://hdl.handle.net/2451/43863,45034
http://hdl.handle.net/2451/43864,45035
http://hdl.handle.net/2451/43865,45036
http://hdl.handle.net/2451/43866,45037
http://hdl.handle.net/2451/43867,45038
http://hdl.handle.net/2451/43868,45039
http://hdl.handle.net/2451/43869,45040
http://hdl.handle.net/2451/43870,45041
http://hdl.handle.net/2451/43871,45042
http://hdl.handle.net/2451/43872,45043
http://hdl.handle.net/2451/43873,45044
http://hdl.handle.net/2451/43874,45045
http://hdl.handle.net/2451/43875,45046
http://hdl.handle.net/2451/44222,45372
http://hdl.handle.net/2451/44223,45373
http://hdl.handle.net/2451/44224,45374
http://hdl.handle.net/2451/44225,45375
http://hdl.handle.net/2451/44226,45376
http://hdl.handle.net/2451/44227,45377
http://hdl.handle.net/2451/44228,45378
http://hdl.handle.net/2451/44229,45379
http://hdl.handle.net/2451/44230,45380
http://hdl.handle.net/2451/44231,45381
http://hdl.handle.net/2451/44232,45382
http://hdl.handle.net/2451/44233,45383
http://hdl.handle.net/2451/44234,45384
http://hdl.handle.net/2451/44235,45385
http://hdl.handle.net/2451/44236,45386
http://hdl.handle.net/2451/44237,45387
http://hdl.handle.net/2451/44238,45388
http://hdl.handle.net/2451/44239,45389
http://hdl.handle.net/2451/44240,45390
http://hdl.handle.net/2451/44241,45391
http://hdl.handle.net/2451/44242,45392
http://hdl.handle.net/2451/44243,45393
http://hdl.handle.net/2451/44244,45394
http://hdl.handle.net/2451/44245,45395
http://hdl.handle.net/2451/44246,45396
http://hdl.handle.net/2451/44247,45397
http://hdl.handle.net/2451/44248,45398
http://hdl.handle.net/2451/44249,45399
http://hdl.handle.net/2451/44250,45400
http://hdl.handle.net/2451/44251,45401
http://hdl.handle.net/2451/44252,45402
http://hdl.handle.net/2451/44253,45403
http://hdl.handle.net/2451/44254,45404
http://hdl.handle.net/2451/44255,45405
http://hdl.handle.net/2451/44256,45406
http://hdl.handle.net/2451/44257,45407
http://hdl.handle.net/2451/44258,45408
http://hdl.handle.net/2451/44259,45409
http://hdl.handle.net/2451/44260,45410
http://hdl.handle.net/2451/44261,45411
http://hdl.handle.net/2451/44262,45412
http://hdl.handle.net/2451/44258,45408
http://hdl.handle.net/2451/44259,45409
http://hdl.handle.net/2451/44260,45410
http://hdl.handle.net/2451/44261,45411
http://hdl.handle.net/2451/44262,45412
http://hdl.handle.net/2451/44421,45588
http://hdl.handle.net/2451/44424,45592
http://hdl.handle.net/2451/44425,45593
http://hdl.handle.net/2451/44426,45594
http://hdl.handle.net/2451/47980,49113
http://hdl.handle.net/2451/60057,61023
http://hdl.handle.net/2451/60058,61024
http://hdl.handle.net/2451/60059,61025
http://hdl.handle.net/2451/60060,61026
http://hdl.handle.net/2451/60061,61027
http://hdl.handle.net/2451/60062,61028
http://hdl.handle.net/2451/60063,61029
http://hdl.handle.net/2451/60064,61030
http://hdl.handle.net/2451/60065,61031
http://hdl.handle.net/2451/60066,61032
http://hdl.handle.net/2451/60067,61033
http://hdl.handle.net/2451/60068,61034
http://hdl.handle.net/2451/60069,61035
http://hdl.handle.net/2451/60070,61036
http://hdl.handle.net/2451/60071,61037
http://hdl.handle.net/2451/60072,61038
http://hdl.handle.net/2451/60073,61039
http://hdl.handle.net/2451/60074,61040
http://hdl.handle.net/2451/60075,61041
http://hdl.handle.net/2451/60076,61042
http://hdl.handle.net/2451/60077,61043
http://hdl.handle.net/2451/60078,61044
http://hdl.handle.net/2451/60079,61045
http://hdl.handle.net/2451/60080,61046
http://hdl.handle.net/2451/60081,61047
http://hdl.handle.net/2451/60156,61122
http://hdl.handle.net/2451/60157,61123
http://hdl.handle.net/2451/60158,61124
http://hdl.handle.net/2451/60159,61125
http://hdl.handle.net/2451/60160,61126
http://hdl.handle.net/2451/60161,61127
http://hdl.handle.net/2451/60162,61128
http://hdl.handle.net/2451/60163,61129
http://hdl.handle.net/2451/60164,61130
http://hdl.handle.net/2451/60165,61131
http://hdl.handle.net/2451/60166,61132
http://hdl.handle.net/2451/60167,61133
http://hdl.handle.net/2451/60168,61134
http://hdl.handle.net/2451/60169,61135
http://hdl.handle.net/2451/60170,61136
http://hdl.handle.net/2451/60171,61137
http://hdl.handle.net/2451/60172,61138
http://hdl.handle.net/2451/60173,61139
http://hdl.handle.net/2451/60174,61140
http://hdl.handle.net/2451/60175,61141
http://hdl.handle.net/2451/60176,61142
http://hdl.handle.net/2451/60177,61143
http://hdl.handle.net/2451/60178,61144
http://hdl.handle.net/2451/60179,61145
http://hdl.handle.net/2451/60180,61146
http://hdl.handle.net/2451/60181,61147
http://hdl.handle.net/2451/60182,61148
http://hdl.handle.net/2451/60183,61149
http://hdl.handle.net/2451/60184,61150
http://hdl.handle.net/2451/60185,61151
http://hdl.handle.net/2451/60186,61152
http://hdl.handle.net/2451/60187,61153
http://hdl.handle.net/2451/60188,61154
http://hdl.handle.net/2451/60189,61155
http://hdl.handle.net/2451/60190,61156
http://hdl.handle.net/2451/60191,61157
http://hdl.handle.net/2451/60192,61158
http://hdl.handle.net/2451/60193,61159
http://hdl.handle.net/2451/60194,61160
http://hdl.handle.net/2451/60195,61161
http://hdl.handle.net/2451/60196,61162
http://hdl.handle.net/2451/60197,61163
http://hdl.handle.net/2451/60198,61164
http://hdl.handle.net/2451/60199,61165
http://hdl.handle.net/2451/60200,61166
http://hdl.handle.net/2451/60201,61167
http://hdl.handle.net/2451/60202,61168
http://hdl.handle.net/2451/60203,61169
http://hdl.handle.net/2451/60204,61170
http://hdl.handle.net/2451/60205,61171
http://hdl.handle.net/2451/60206,61172
http://hdl.handle.net/2451/60207,61173
http://hdl.handle.net/2451/60208,61174
http://hdl.handle.net/2451/60209,61175
http://hdl.handle.net/2451/60210,61176
http://hdl.handle.net/2451/60211,61177
http://hdl.handle.net/2451/60212,61178
http://hdl.handle.net/2451/60213,61179
http://hdl.handle.net/2451/60214,61180
http://hdl.handle.net/2451/60215,61181
http://hdl.handle.net/2451/60216,61182
http://hdl.handle.net/2451/60217,61183
http://hdl.handle.net/2451/60218,61184
http://hdl.handle.net/2451/60219,61185
http://hdl.handle.net/2451/60220,61186
http://hdl.handle.net/2451/60221,61187
http://hdl.handle.net/2451/60222,61188
http://hdl.handle.net/2451/60223,61189
http://hdl.handle.net/2451/60224,61190
http://hdl.handle.net/2451/60225,61191
http://hdl.handle.net/2451/60226,61192
http://hdl.handle.net/2451/60227,61193
http://hdl.handle.net/2451/60228,61194
http://hdl.handle.net/2451/60229,61195
http://hdl.handle.net/2451/60230,61196
http://hdl.handle.net/2451/60231,61197
http://hdl.handle.net/2451/60232,61198
http://hdl.handle.net/2451/60233,61199
http://hdl.handle.net/2451/60234,61200
http://hdl.handle.net/2451/60235,61201
http://hdl.handle.net/2451/60236,61202
http://hdl.handle.net/2451/60237,61203
http://hdl.handle.net/2451/60238,61204
http://hdl.handle.net/2451/60239,61205
http://hdl.handle.net/2451/60240,61206
http://hdl.handle.net/2451/60241,61207
http://hdl.handle.net/2451/60242,61208
http://hdl.handle.net/2451/60243,61209
http://hdl.handle.net/2451/60244,61210
http://hdl.handle.net/2451/60245,61211
http://hdl.handle.net/2451/60246,61212
http://hdl.handle.net/2451/60247,61213
http://hdl.handle.net/2451/60248,61214
http://hdl.handle.net/2451/60249,61215
http://hdl.handle.net/2451/60250,61216
http://hdl.handle.net/2451/60251,61217
http://hdl.handle.net/2451/60252,61218
http://hdl.handle.net/2451/60253,61219
http://hdl.handle.net/2451/60458,61432
http://hdl.handle.net/2451/60459,61433
http://hdl.handle.net/2451/60460,61434
http://hdl.handle.net/2451/60461,61435
http://hdl.handle.net/2451/60462,61436
http://hdl.handle.net/2451/60463,61437
http://hdl.handle.net/2451/60464,61438
http://hdl.handle.net/2451/60465,61439
http://hdl.handle.net/2451/60466,61440
http://hdl.handle.net/2451/60467,61441
http://hdl.handle.net/2451/60468,61442
http://hdl.handle.net/2451/60469,61443
http://hdl.handle.net/2451/60470,61444
http://hdl.handle.net/2451/60471,61445
http://hdl.handle.net/2451/60472,61446
http://hdl.handle.net/2451/60473,61447
http://hdl.handle.net/2451/60474,61448
http://hdl.handle.net/2451/60475,61449
http://hdl.handle.net/2451/60476,61450
http://hdl.handle.net/2451/60477,61451
http://hdl.handle.net/2451/60478,61452
http://hdl.handle.net/2451/60479,61453
http://hdl.handle.net/2451/60480,61454
http://hdl.handle.net/2451/60481,61455
http://hdl.handle.net/2451/60482,61456
http://hdl.handle.net/2451/60483,61457
http://hdl.handle.net/2451/60484,61458
http://hdl.handle.net/2451/60485,61459
http://hdl.handle.net/2451/60486,61460
http://hdl.handle.net/2451/60487,61461
http://hdl.handle.net/2451/60488,61462
http://hdl.handle.net/2451/60489,61463
http://hdl.handle.net/2451/60490,61464
http://hdl.handle.net/2451/60491,61465
http://hdl.handle.net/2451/60492,61466
http://hdl.handle.net/2451/60493,61467
http://hdl.handle.net/2451/60494,61468
http://hdl.handle.net/2451/60495,61469
http://hdl.handle.net/2451/60496,61470
http://hdl.handle.net/2451/60497,61471
http://hdl.handle.net/2451/60498,61472
http://hdl.handle.net/2451/60499,61473
http://hdl.handle.net/2451/60500,61474
http://hdl.handle.net/2451/60501,61475
http://hdl.handle.net/2451/60502,61476
http://hdl.handle.net/2451/60503,61477
http://hdl.handle.net/2451/60504,61478
http://hdl.handle.net/2451/60505,61479
http://hdl.handle.net/2451/60506,61480
http://hdl.handle.net/2451/60507,61481
http://hdl.handle.net/2451/60508,61482
http://hdl.handle.net/2451/60509,61483
http://hdl.handle.net/2451/60510,61484
http://hdl.handle.net/2451/60511,61485
http://hdl.handle.net/2451/60512,61486
http://hdl.handle.net/2451/60513,61487
http://hdl.handle.net/2451/60514,61488
http://hdl.handle.net/2451/60515,61489
http://hdl.handle.net/2451/60516,61490
http://hdl.handle.net/2451/60517,61491
http://hdl.handle.net/2451/60518,61492
http://hdl.handle.net/2451/60519,61493
http://hdl.handle.net/2451/60520,61494
http://hdl.handle.net/2451/60521,61495
http://hdl.handle.net/2451/60522,61496
http://hdl.handle.net/2451/60523,61497
http://hdl.handle.net/2451/60524,61498
http://hdl.handle.net/2451/60525,61499
http://hdl.handle.net/2451/60526,61500
http://hdl.handle.net/2451/60527,61501
http://hdl.handle.net/2451/60528,61502
http://hdl.handle.net/2451/60529,61503
http://hdl.handle.net/2451/60530,61504
http://hdl.handle.net/2451/60531,61505
http://hdl.handle.net/2451/60532,61506
http://hdl.handle.net/2451/60533,61507
http://hdl.handle.net/2451/60534,61508
http://hdl.handle.net/2451/60535,61509
http://hdl.handle.net/2451/60536,61510
http://hdl.handle.net/2451/60537,61511
http://hdl.handle.net/2451/60538,61512
http://hdl.handle.net/2451/60539,61513
http://hdl.handle.net/2451/60540,61514
http://hdl.handle.net/2451/60541,61515
http://hdl.handle.net/2451/60542,61516
http://hdl.handle.net/2451/60543,61517
http://hdl.handle.net/2451/60544,61518
http://hdl.handle.net/2451/60545,61519
http://hdl.handle.net/2451/60546,61520
http://hdl.handle.net/2451/60547,61521
http://hdl.handle.net/2451/60548,61522
http://hdl.handle.net/2451/60549,61523
http://hdl.handle.net/2451/60550,61524
http://hdl.handle.net/2451/60551,61525
http://hdl.handle.net/2451/60552,61526
http://hdl.handle.net/2451/60553,61527
http://hdl.handle.net/2451/60554,61528
http://hdl.handle.net/2451/60555,61529
http://hdl.handle.net/2451/60556,61530
http://hdl.handle.net/2451/60557,61531
http://hdl.handle.net/2451/60558,61532
http://hdl.handle.net/2451/60559,61533
http://hdl.handle.net/2451/60560,61534
http://hdl.handle.net/2451/60561,61535
http://hdl.handle.net/2451/60562,61536
http://hdl.handle.net/2451/60563,61537
http://hdl.handle.net/2451/60564,61538
http://hdl.handle.net/2451/60565,61539
http://hdl.handle.net/2451/60566,61540
http://hdl.handle.net/2451/60567,61541
http://hdl.handle.net/2451/60568,61542
http://hdl.handle.net/2451/60569,61543
http://hdl.handle.net/2451/60570,61544
http://hdl.handle.net/2451/60571,61545
http://hdl.handle.net/2451/60572,61546
http://hdl.handle.net/2451/60573,61547
http://hdl.handle.net/2451/60574,61548
http://hdl.handle.net/2451/60575,61549
http://hdl.handle.net/2451/60576,61550
http://hdl.handle.net/2451/60577,61551
http://hdl.handle.net/2451/60578,61552
http://hdl.handle.net/2451/60579,61553
http://hdl.handle.net/2451/60580,61554
http://hdl.handle.net/2451/60581,61555
http://hdl.handle.net/2451/60582,61556
http://hdl.handle.net/2451/60583,61557
http://hdl.handle.net/2451/60584,61558
http://hdl.handle.net/2451/60585,61559
http://hdl.handle.net/2451/60586,61560
http://hdl.handle.net/2451/60587,61561
http://hdl.handle.net/2451/60588,61562
http://hdl.handle.net/2451/60589,61563
http://hdl.handle.net/2451/60590,61564
http://hdl.handle.net/2451/60591,61565
http://hdl.handle.net/2451/60592,61566
http://hdl.handle.net/2451/60593,61567
http://hdl.handle.net/2451/60594,61568
http://hdl.handle.net/2451/60595,61569
http://hdl.handle.net/2451/60596,61570
http://hdl.handle.net/2451/60597,61571
http://hdl.handle.net/2451/60598,61572
http://hdl.handle.net/2451/60599,61573
http://hdl.handle.net/2451/60600,61574
http://hdl.handle.net/2451/60601,61575
http://hdl.handle.net/2451/60602,61576
http://hdl.handle.net/2451/60603,61577
http://hdl.handle.net/2451/60604,61578
http://hdl.handle.net/2451/60605,61579
http://hdl.handle.net/2451/60606,61580
http://hdl.handle.net/2451/60607,61581
http://hdl.handle.net/2451/60608,61582
http://hdl.handle.net/2451/60609,61583
http://hdl.handle.net/2451/60610,61584
http://hdl.handle.net/2451/60611,61585
http://hdl.handle.net/2451/60612,61586
http://hdl.handle.net/2451/60613,61587
http://hdl.handle.net/2451/60614,61588
http://hdl.handle.net/2451/60615,61589
http://hdl.handle.net/2451/60616,61590
http://hdl.handle.net/2451/60617,61591
http://hdl.handle.net/2451/60618,61592
http://hdl.handle.net/2451/60619,61593
http://hdl.handle.net/2451/60620,61594
http://hdl.handle.net/2451/60621,61595
http://hdl.handle.net/2451/60622,61596
http://hdl.handle.net/2451/60623,61597
http://hdl.handle.net/2451/60624,61598
http://hdl.handle.net/2451/60625,61599
http://hdl.handle.net/2451/60626,61600
http://hdl.handle.net/2451/60627,61601
http://hdl.handle.net/2451/60628,61602
http://hdl.handle.net/2451/60629,61603
http://hdl.handle.net/2451/60630,61604
http://hdl.handle.net/2451/60631,61605
http://hdl.handle.net/2451/60632,61606
http://hdl.handle.net/2451/60633,61607
http://hdl.handle.net/2451/60634,61608
http://hdl.handle.net/2451/60635,61609
http://hdl.handle.net/2451/60636,61610
http://hdl.handle.net/2451/60637,61611
http://hdl.handle.net/2451/60638,61612
http://hdl.handle.net/2451/60639,61613
http://hdl.handle.net/2451/60640,61614
http://hdl.handle.net/2451/60641,61615
http://hdl.handle.net/2451/60642,61616
http://hdl.handle.net/2451/60643,61617
http://hdl.handle.net/2451/60644,61618
http://hdl.handle.net/2451/60645,61619
http://hdl.handle.net/2451/60646,61620
http://hdl.handle.net/2451/60647,61621
http://hdl.handle.net/2451/60648,61622
http://hdl.handle.net/2451/60649,61623
http://hdl.handle.net/2451/60650,61624
http://hdl.handle.net/2451/60651,61625
http://hdl.handle.net/2451/60652,61626
http://hdl.handle.net/2451/60653,61627
http://hdl.handle.net/2451/60654,61628
http://hdl.handle.net/2451/60655,61629
http://hdl.handle.net/2451/60656,61630
http://hdl.handle.net/2451/60657,61631
http://hdl.handle.net/2451/60658,61632
http://hdl.handle.net/2451/60659,61633
http://hdl.handle.net/2451/60660,61634
http://hdl.handle.net/2451/60661,61635
http://hdl.handle.net/2451/60662,61636
http://hdl.handle.net/2451/60663,61637
http://hdl.handle.net/2451/60664,61638
http://hdl.handle.net/2451/60665,61639
http://hdl.handle.net/2451/60666,61640
http://hdl.handle.net/2451/60667,61641
http://hdl.handle.net/2451/60668,61642
http://hdl.handle.net/2451/60669,61643
http://hdl.handle.net/2451/60670,61644
http://hdl.handle.net/2451/60671,61645
http://hdl.handle.net/2451/60672,61646
http://hdl.handle.net/2451/60673,61647
http://hdl.handle.net/2451/60674,61648
http://hdl.handle.net/2451/60675,61649
http://hdl.handle.net/2451/60676,61650
http://hdl.handle.net/2451/60677,61651
http://hdl.handle.net/2451/60678,61652
http://hdl.handle.net/2451/60679,61653
http://hdl.handle.net/2451/60680,61654
http://hdl.handle.net/2451/60681,61655
http://hdl.handle.net/2451/60682,61656
http://hdl.handle.net/2451/60683,61657
http://hdl.handle.net/2451/60684,61658
http://hdl.handle.net/2451/60685,61659
http://hdl.handle.net/2451/60686,61660
http://hdl.handle.net/2451/60687,61661
http://hdl.handle.net/2451/60688,61662
http://hdl.handle.net/2451/60689,61663
http://hdl.handle.net/2451/60690,61664
http://hdl.handle.net/2451/60691,61665
http://hdl.handle.net/2451/60692,61666
http://hdl.handle.net/2451/60693,61667
http://hdl.handle.net/2451/60694,61668
http://hdl.handle.net/2451/60695,61669
http://hdl.handle.net/2451/60696,61670
http://hdl.handle.net/2451/60697,61671
http://hdl.handle.net/2451/60717,61694
http://hdl.handle.net/2451/60718,61695
http://hdl.handle.net/2451/60719,61696
http://hdl.handle.net/2451/60720,61697
http://hdl.handle.net/2451/60721,61698
http://hdl.handle.net/2451/60722,61699
http://hdl.handle.net/2451/60951,61938
http://hdl.handle.net/2451/63562,64772
http://hdl.handle.net/2451/63563,64773
http://hdl.handle.net/2451/63564,64774
http://hdl.handle.net/2451/63565,64775
http://hdl.handle.net/2451/63566,64776
http://hdl.handle.net/2451/63567,64777
http://hdl.handle.net/2451/63568,64778
http://hdl.handle.net/2451/63569,64779
http://hdl.handle.net/2451/63570,64780
http://hdl.handle.net/2451/63571,64781
http://hdl.handle.net/2451/63572,64782
http://hdl.handle.net/2451/63573,64783
http://hdl.handle.net/2451/63574,64784
